﻿<?xml version="1.0" encoding="utf-8" ?> 
<data1>
  <item>
    <name>Danial</name>
    <nickname>Dan</nickname>
    <bunk>4</bunk>
    <age>18</age>
    <nationality>Pakistani</nationality>
    <restriction>Mushroom</restriction>
    <medications>None</medications>
    <transportation>Bus</transportation>
    <startdate>10th September 2017</startdate>
    <enddate>27th Septemember 2017</enddate>
    <Parent1Name>Father</Parent1Name>
    <Parent1Phone>123456</Parent1Phone>
    <Parent1Email>father@gmail.com</Parent1Email>
    <Parent2Name>Mother</Parent2Name>
    <Parent2Phone>123456</Parent2Phone>
    <Parent2Email>mother@gmail.com</Parent2Email>
  </item>
  <item>
    <name>Fardeen</name>
    <nickname>Cara</nickname>
    <bunk>7</bunk>
    <age>18</age>
    <nationality>Thai</nationality>
    <restriction>None</restriction>
    <medications>None</medications>
    <transportation>Bus</transportation>
    <startdate>11th September 2017</startdate>
    <enddate>28th September 2017</enddate>
    <Parent1Name>Father</Parent1Name>
    <Parent1Phone>123456</Parent1Phone>
    <Parent1Email>father@gmail.com</Parent1Email>
    <Parent2Name>Mother</Parent2Name>
    <Parent2Phone>123456</Parent2Phone>
    <Parent2Email>mother@gmail.com</Parent2Email>
  </item>
  <item>
    <name>Kenneth</name>
    <nickname>Ken</nickname>
    <bunk>8</bunk>
    <age>19</age>
    <nationality>American</nationality>
    <restriction>Shrimp</restriction>
    <medications>None</medications>
    <transportation>Car</transportation>
    <startdate>10th September 2017</startdate>
    <enddate>27th September 2017</enddate>
    <Parent1Name>Father</Parent1Name>
    <Parent1Phone>123456</Parent1Phone>
    <Parent1Email>father@gmail.com</Parent1Email>
    <Parent2Name>Mother</Parent2Name>
    <Parent2Phone>123456</Parent2Phone>
    <Parent2Email>mother@gmail.com</Parent2Email>
  </item>
  <item>
    <name></name>
    <nickname></nickname>
    <bunk>1</bunk>
    <age></age>
    <nationality></nationality>
    <restriction></restriction>
    <medications></medications>
    <transportation></transportation>
    <startdate>September 10th 2017</startdate>
    <enddate>September 27th 2017</enddate>
    <Parent1Name></Parent1Name>
    <Parent1Phone></Parent1Phone>
    <Parent1Email></Parent1Email>
    <Parent2Name></Parent2Name>
    <Parent2Phone></Parent2Phone>
    <Parent2Email></Parent2Email>
  </item>
</data1>