﻿<?xml version="1.0" encoding="utf-8" ?>
<data1>
<date>
  <value></value>
  <activity id="1">
    <name>Drama</name>
    <name>Dance</name>
    <name>Film Making</name>
  </activity>
  <activity id="2">
    <name>Drawing</name>
    <name>Carpentry</name>
    <name>Painting</name>
  </activity>
  <activity id="3">
    <name>Acrobatics</name>
    <name>Archery</name>
    <name>Tie-dye</name>
  </activity>
  <activity id="4">
    <name>Modelling</name>
    <name>Silk</name>
    <name>Softball</name>
  </activity>
  <activity id="5">
    <name>Volleyball</name>
    <name>Football</name>
    <name>Basketball</name>
  </activity>
</date>
</data1>