﻿<?xml version="1.0" encoding="utf-8" ?>
<data1>
<date>
  <value></value>
  <activity id="1">
    <name>Drama</name>
    <name>Drama1</name>
    <name>Drama2</name>
  </activity>
  <activity id="2">
    <name>Drama5</name>
    <name>Drama6</name>
    <name>Drama7</name>
  </activity>
  <activity id="3">
    <name>Drama8</name>
    <name>Drama9</name>
    <name>Drama10</name>
  </activity>
  <activity id="4">
    <name>Drama11</name>
    <name>Drama12</name>
    <name>Drama13</name>
  </activity>
  <activity id="5">
    <name>Drama14</name>
    <name>Drama15</name>
    <name>Drama</name>
  </activity>
</date>
</data1>